train_loss,val_loss,train_acc,val_acc,train_precision,val_precision,train_recall,val_recall,train_dice,val_dice,train_miou,val_miou,train_iou,val_iou
0.8165519199709395,0.8426897595910465,0.8256494892177297,0.8456408942446989,0.6840513200818825,0.7319691458122928,0.6777805447467228,0.5041430200213076,0.6640631043727496,0.5557149367056927,0.6471589532986617,0.6168443944383537,0.5110966021806669,0.43368697303873516
0.7269888758214552,0.8085407386807835,0.8498374312671263,0.8443616979262408,0.7219288431441606,0.6554779128226287,0.7120186391272652,0.6336325556797431,0.7050776919072022,0.6204502544428375,0.68434925772486,0.6333507549857431,0.5583194871294076,0.48751474140462536
0.7036568598071141,0.7712264963809181,0.8565114434085676,0.8600687524851631,0.7400410495865256,0.7686507198150674,0.721592174981957,0.5537939602002919,0.7163177174307517,0.6037401059206404,0.6943275632559142,0.6427040438598152,0.5706135016490719,0.47465326526209245
0.6650633722988527,0.7602100836880067,0.8641130248112465,0.8587222379796645,0.7512773314852323,0.7107165404911135,0.7310619222472853,0.6156512236214844,0.7327028254964458,0.6296414042904689,0.7073731743244093,0.6532496043658728,0.5888341388373233,0.5001614358083882
0.6361118903133407,0.7348499245503369,0.8725966837868762,0.863499287296744,0.7647413545246444,0.7304677347954668,0.7439508568217506,0.609459632820603,0.7468610233557758,0.6308065565446703,0.7208941915531212,0.6577259480312896,0.6062120481102324,0.503852582726319
0.6229114681482315,0.7618684935219148,0.875295695973866,0.8555742151596967,0.7682313112847841,0.7564584814519426,0.7456942638799325,0.5850449316524515,0.7509043033220875,0.6173242975054888,0.7246347427534968,0.6465841230567122,0.6109938298477166,0.4875430248048845
0.6006868255338562,0.7509708395775627,0.8803228406763789,0.8584972462233376,0.7779776825388866,0.7258537692246974,0.755939759758871,0.6294050710164347,0.7611212430160437,0.6379865622303874,0.7336615167502591,0.6571448771532208,0.623706711595183,0.5089415753868177
0.5819616233234974,0.7344252028886009,0.883753790784238,0.861485051758149,0.7831324978745473,0.6962947940851876,0.7639309824096845,0.6342702406465657,0.7690348620317987,0.6435246543098323,0.741283262006021,0.6606633606635075,0.6344214514273205,0.5157702864081626
0.5798486837033016,0.7384842678027994,0.8845487850815502,0.8600219277774587,0.7877598011226796,0.7201903738663267,0.7628602992687652,0.6340071601024344,0.7692760484876917,0.6392571319977224,0.7409270034630352,0.6583881797050163,0.6335425008255154,0.5116589784403679
0.5641355217059156,0.7272826924043543,0.8879401932901411,0.8658308141371783,0.7899161746252829,0.7352717733629615,0.7701447650289802,0.628071861933074,0.7747915203669178,0.6460143141812433,0.7474721062428026,0.6648964595235012,0.6421667636552854,0.5181124697645805
0.5492527286396988,0.7478485291495043,0.8906577096056583,0.8531823999741498,0.7922394925089025,0.6668433006732007,0.7784082417501442,0.6562325911457604,0.7814754739181319,0.6432642203304684,0.7530956845452537,0.6549975617303013,0.6504028939933919,0.515890649466544
0.54253939411311,0.7355367006624446,0.8920020487771105,0.8640239203677458,0.7952528984021785,0.7017716451063872,0.7794049874281705,0.6345772445352781,0.7832170222788605,0.647236132452335,0.755141789524524,0.6656725706205892,0.6532374690773327,0.5190754641070572
0.5372652733948693,0.7407542423290365,0.8946146893857131,0.8590114072841757,0.7980190393195223,0.7255343446469594,0.7783609739810562,0.6355825989560069,0.7828744544522531,0.6421579040594784,0.7579236799128243,0.6601558170798866,0.6551351307321396,0.51573064503037
0.5152587765521968,0.759127606802127,0.8977392680609404,0.8618216426933513,0.8057076099203594,0.7249399774307145,0.7924216949005625,0.6202399895469831,0.7961057065360582,0.6338667495081828,0.7666305277440975,0.6589959361450813,0.6687233698234629,0.5072208101965402
0.5146833880623775,0.7361034347730524,0.8983833256052501,0.8606494831688264,0.8052798030314161,0.6868145314647499,0.7876235029257056,0.6507849684636843,0.7929831296205521,0.6512912387248905,0.76598283487247,0.6638746585327863,0.6672311755481051,0.5241097473623021
0.5136550897315367,0.7349672080839381,0.8995162622252507,0.859519734102137,0.804317526741704,0.6671599768173884,0.7862282244127188,0.6736899759004639,0.7910630507533675,0.6552785211021499,0.7652301923024343,0.6641303040225914,0.6648637430269771,0.5274572412158155
0.5031131597152397,0.7458588516010958,0.9002702912287925,0.8562429845333099,0.8089202586839448,0.6570692565728684,0.7929387409518014,0.6772406453553169,0.7981097174446974,0.6548269199449913,0.7696290820169804,0.6614532550360002,0.6717889337842144,0.5277264181089055
0.48819602414298413,0.7532850837006289,0.9039259668606431,0.8547866677536684,0.8165271304158578,0.6696835263321512,0.8005293488168894,0.6571986743587973,0.8060137238631497,0.6474067540522597,0.7771867554523607,0.6575926199635861,0.6830932119333032,0.5177309669276892
0.4782882090935956,0.7298773965414833,0.9049152829753819,0.8614536366041969,0.8228097707033157,0.7202142710666521,0.806893904373717,0.6437512055703264,0.8127649190710552,0.6482261295950413,0.781463318129084,0.6640655637595277,0.6899447401068104,0.5204594149171693
0.4792068458315152,0.7324662936084411,0.9058045913924032,0.860305039321675,0.8205608705531305,0.6820901871354127,0.8033282955858245,0.657482817341909,0.8095998846884094,0.6513235866090433,0.7805036172381977,0.6638757251344299,0.6878631349597404,0.523756481735344
0.46929341209913367,0.7353065548574224,0.9064749532671117,0.8618348819368026,0.8269652764299023,0.6843093940108448,0.8109841361197073,0.6433032633071544,0.8167564695450797,0.6487529922298441,0.7855048439284759,0.6638749829230397,0.6959847524317343,0.5206342453706583
0.47758935947916403,0.7445292691974079,0.9061612655867392,0.8590651873280021,0.8233486525158384,0.6852484564546472,0.8028683316574168,0.6462307952104345,0.8100426587373463,0.6485899475739797,0.780377111494986,0.661729515481583,0.6874971880174395,0.5202873261659821
0.4601514194327504,0.7797201424837112,0.9096492653462425,0.8472246659152648,0.8270553450531034,0.6496559922362186,0.8125181307654772,0.6612655815700538,0.8178221524428966,0.6427373361181669,0.7886128401967571,0.6499539659726753,0.6988531995509097,0.5120672303056983
0.44949818591573343,0.745424657183535,0.9108331594894181,0.8598321658723495,0.8325501002037703,0.681358602921725,0.8211050856469283,0.6549381886519875,0.82532351252748,0.652304410811185,0.7942979295751942,0.6637223370425465,0.7075201526506624,0.5234654078693197
0.45307632485654814,0.7466774740639854,0.9110422561417765,0.8646433967001298,0.8303400037893608,0.7243423303657767,0.8142255312248842,0.626664548563613,0.8204618153064999,0.644253372922127,0.7911642535742539,0.6639189824073306,0.7023084974333421,0.5163637476031624
0.45693971583647514,0.7512030154466629,0.9106371865343692,0.8570651639910305,0.8290492189464285,0.6688287761023863,0.8143073772983764,0.6711747201060301,0.8193888944476398,0.6532591847884331,0.7897893726380903,0.6618128424646891,0.7005264572243193,0.524572817110097
0.44815365447482064,0.729735503301901,0.912305433358719,0.8652636215967291,0.833165069791808,0.7014434866882198,0.8162410607311263,0.6331096006441181,0.8217865495539424,0.6480806764143443,0.7934569745366253,0.6672248141585072,0.7052625978170936,0.519631203103425
0.43955020356311725,0.745437452898306,0.9143804863317689,0.8599945517147288,0.8351145769233135,0.6732172182562541,0.8204276283174309,0.6657102817587335,0.8254275092882897,0.6567921243156033,0.7972634855880222,0.6649235816037296,0.7107094903824045,0.5252399927378386
0.44202248707636077,0.739861703970853,0.914002774366692,0.8632402612882502,0.8347657789934927,0.6936316134182133,0.819571893606613,0.6469447677955031,0.8251841632065489,0.6549981789156685,0.7962932440438377,0.6677307866193587,0.7091377685541538,0.5260421095761771
0.4339931456010733,0.7639641446225783,0.9157659616043319,0.856673596536412,0.8369904472979147,0.6838012314281727,0.8213671863968692,0.6656587917258387,0.8270143377247141,0.6580575569644092,0.7987977940755994,0.6635869354224055,0.711952939518352,0.5280193797358045
0.4245673153938642,0.7632519418702406,0.9175401089796379,0.8624772464527803,0.8415576246247363,0.6939441619728193,0.8274690898051903,0.6431484855663131,0.8329652343223344,0.6507116072156062,0.8041786225929634,0.6654534848700802,0.7201281323917766,0.5208660820758141
0.4210897296555896,0.744487109429696,0.9178611413756413,0.8644955210825976,0.846037789289631,0.6973057201984749,0.8290606773277717,0.6433251633117085,0.8359238022743766,0.6542013741598245,0.806007397041392,0.6682994861450211,0.7239195811214731,0.5243148164864739
0.4191290482100266,0.7449619445730659,0.9183361850567718,0.861049951875911,0.845336948757741,0.6864953903961579,0.8312617684923002,0.6548081221250959,0.8366420838370252,0.655032347322459,0.806832558405933,0.6657861318978541,0.7243016920427778,0.5261825413152146
0.4157008672160889,0.7658474138554405,0.9192640674648,0.8605705710018382,0.8455328954689538,0.7034641887964465,0.83252871014289,0.619634236615678,0.8376441647979751,0.6421919167190512,0.8083163222937442,0.6609383439171701,0.7260011547981803,0.5117805186150427
0.40495335744388067,0.7540042409125496,0.9210664265191377,0.8638301930006813,0.8503486358407718,0.6875127984039483,0.8376103001299189,0.6461165935191042,0.8426575598432057,0.6539177360889493,0.8124630973855061,0.6681265464786915,0.7326536312032101,0.524240145299854
0.40544561785993294,0.7569570646566504,0.9218742598348589,0.8598872914033777,0.8508893938651726,0.6760523455912548,0.8335204654887541,0.6637562111102264,0.8406085356402753,0.6566118175413815,0.8120498148474231,0.6644017023500055,0.730946324098466,0.5263205998686745
0.3988993753359389,0.7825656287810382,0.9220967363955369,0.8584788459188798,0.8551408270401741,0.6859196315643644,0.8400694339800236,0.6538225552566668,0.8460676074028015,0.6550990978667907,0.8159479240038946,0.6634672054985985,0.7379801618630317,0.5254730579756874
0.40078190469474934,0.7645120971343097,0.9230042642621852,0.8606346740442163,0.8537585395040796,0.689543954210949,0.8366322577444475,0.6409406922771573,0.8439270720553043,0.6508336013544933,0.815064581917293,0.6640669262958084,0.7355847263069295,0.5202412276454154
0.39636721167324196,0.7552258687860826,0.9232044789328504,0.8623462003820083,0.8547778196299254,0.6922601839745567,0.8406983151364682,0.6369292051488432,0.846577303845491,0.6492703682615492,0.8169649761559358,0.6648982594903785,0.738809150323939,0.5199431054550073
0.3842942751110045,0.7870742266668993,0.9252598036581011,0.85833740234375,0.861599444453396,0.6856258554907981,0.8471261523107985,0.6531988273987629,0.8528389193451227,0.6555186349099077,0.8231453084901198,0.6632874131415413,0.7478774690361165,0.5229591221042724
0.3881751757615538,0.7833626322886523,0.9251007820243267,0.8602534287116107,0.8584615424720209,0.6905862163134541,0.8445846068102922,0.6503250657882355,0.8500379041504504,0.6546707266067316,0.8210304522358659,0.6641372934269087,0.7444263775624446,0.5242366766798965
0.3867210029666103,0.758978314259473,0.925531643540112,0.8623037162949058,0.8593260814894491,0.6879140836963951,0.8448980306066683,0.6508476384487414,0.8507109070891765,0.6575500966719119,0.8210703105624042,0.6672622331005935,0.7444935298677701,0.5255771510903073
0.38408985339216334,0.7671698077636606,0.9264774607188666,0.8629692687707788,0.8608303187943217,0.6845299252026427,0.8430135470272889,0.639005697278395,0.8507708569071186,0.6501966289617807,0.8223809993533946,0.6650913949107395,0.7454602471483287,0.5203556181171306
0.3719094694772763,0.7674191199681338,0.9287648556837395,0.8589262874687419,0.8681060960933343,0.6831032245639054,0.8488193306126701,0.659974952461198,0.8569728856656089,0.6566781244678971,0.8280382960367558,0.6647535091615282,0.7545623487945813,0.5248997926314855
0.36824666019251096,0.7656414982150582,0.9289969543912517,0.8640809164327734,0.8681668167683616,0.6970882076550743,0.8535556415123726,0.6345900005667405,0.8596692772498772,0.6511901106678089,0.8305376701390565,0.6669506568106187,0.7577189596286461,0.5206695447677132
0.3689445285543577,0.7700525066431831,0.929094143767855,0.8626408296472886,0.8676155494220221,0.6784259503988056,0.8521773750657466,0.6594109274857842,0.8586385283452361,0.6592817612553892,0.8302199253395423,0.6686579001714776,0.7569197547524723,0.5280284749186488
0.3639111007327464,0.7743562565130346,0.9302464385530842,0.8613496668198529,0.8707437684286886,0.702515661764397,0.8541545832335059,0.6240111102062442,0.8613779095571432,0.6473136773086426,0.8324169638330368,0.6633806115184117,0.7604812629409691,0.5155797540381386
0.3620556360527651,0.7793554646127364,0.9310208790337862,0.8606647428344277,0.8718420622953728,0.694456386932516,0.8528333317710838,0.6408148661940885,0.8609849004380739,0.6538752732346168,0.8329834393295112,0.6646496167368614,0.7608432863463661,0.5214275639428543
0.36542523535552307,0.7854922150864321,0.930585377251924,0.8550739665241802,0.8678999359705555,0.6660403494640965,0.8508929392712107,0.6662478518076514,0.8580115180351396,0.6550694631433169,0.8308745412670299,0.6612007744937299,0.7575622303689371,0.5243195777207695
0.3537502577389354,0.7740072976140415,0.9322484144523963,0.8611937884022208,0.8743256855366836,0.6753821769726689,0.8596445953668054,0.6588784624276313,0.8658266228748791,0.6581508839804241,0.8374644363882826,0.6666669115177629,0.7674670611966902,0.5258161665269119
0.35403747995620344,0.7816395207363016,0.9331540634383017,0.8638414126985213,0.8736556553796156,0.6955594005973808,0.8558210135618253,0.6286318105980634,0.8634940915143312,0.6487588534002522,0.836649120743595,0.6657555481482591,0.7653867789168856,0.5188601238670743
0.3530792461624786,0.7705532093258465,0.9332148139156512,0.8663701081977171,0.8747499411675468,0.7001864632230794,0.8567384237896151,0.6338414839316387,0.8647059820481201,0.6540425404617871,0.8371537934933135,0.6700038465143555,0.7665430431935325,0.523038282567173
0.3518146713500592,0.7751277553684571,0.9335546920548624,0.861470466150957,0.8741331786584499,0.684708413985551,0.8568142069809472,0.6489703177229624,0.8643371625177896,0.65640276454146,0.8372497795455491,0.6665579628874291,0.7657757735074456,0.5242392220076427
0.3459355773876852,0.7788783504682428,0.9341019587730294,0.8624686458531547,0.8778975852834645,0.6974214638056069,0.8609678640739241,0.6265356524244827,0.8684252640649454,0.6480032775845543,0.8403220051037732,0.6640953051794307,0.7713109108049478,0.5159647812063614
0.34860041398388236,0.7720709863831016,0.9345385708026032,0.8596527260892531,0.8752145277920054,0.6675671296449283,0.8582338690201738,0.6613652698211167,0.8655678951250974,0.6555218420955284,0.8390298206637155,0.6645236697301752,0.7684582847712645,0.5239661148435142
0.3380811396819442,0.7926884512690937,0.9361435619752798,0.8629792157341453,0.8808960863458577,0.6907615105370373,0.8640657185173747,0.6320980454423418,0.8715431570117154,0.6504325636761341,0.844336722546549,0.6651274848477461,0.7760902932330743,0.5188249160196162
0.3333008094732441,0.787603910355007,0.9372947180449073,0.8622033368138706,0.8824739754199982,0.6844303158016228,0.8646707118891958,0.6450900505257117,0.8725554929740393,0.6535000049494255,0.8459445179731988,0.6665641336271522,0.7787391262045548,0.5229301811047522
0.32979173077020185,0.8038860068601721,0.9377328958084334,0.8609821095186121,0.8847007855995378,0.6848157192340724,0.8673888300337008,0.6417002682950731,0.8753005230604712,0.6526073371916188,0.8481197478944686,0.6649505322412177,0.7820886984022696,0.5211365489282317
0.32577539324315624,0.8204746614484226,0.9384862985183944,0.8576070000143612,0.8881956105356785,0.6716932774425539,0.8683043013312923,0.6585659817792475,0.8773671050569904,0.6547710850341794,0.8502885623654323,0.6625656850725029,0.7852270959028557,0.5218629129847292
0.3276395335404286,0.780531231971348,0.9380650876173332,0.863414466381073,0.8865966009559916,0.6834483813401716,0.8676325398594585,0.6520735205758503,0.8761537368617841,0.6580544635764819,0.8491072827644313,0.669025173488243,0.7832777603571095,0.5274400561406006
0.3216298203637351,0.8009065337040845,0.9390412800347627,0.8603467012152952,0.8913838841132263,0.6773426360176766,0.8698329281673502,0.6501553246463814,0.8795064182868645,0.6557476714061683,0.8521873744121239,0.6648504680043141,0.7885726421181836,0.5224551029763568
0.31846672796936176,0.8054975122213364,0.9400392503880742,0.8613708352341372,0.8900063647263086,0.6857020271590462,0.8722937912193697,0.6291704756212506,0.8804487679431687,0.6475401515361768,0.8533759993403706,0.6626550421817979,0.7894717844119713,0.5154219099349368
0.3182528403156729,0.7819147399243187,0.9403888930135699,0.8629736058852252,0.8897863121619866,0.6805140391019556,0.8708724641977851,0.6386712936253067,0.8794897512268665,0.6529558261698933,0.8529828370951894,0.6663376989886541,0.7883741893430254,0.5199908891697893
0.31816124148778063,0.8142187253517263,0.9403512299950443,0.8526560471338385,0.8887270175254167,0.6546356832635972,0.8724654495938501,0.6586909662000835,0.8796833022984106,0.6492580199778518,0.8535927117371293,0.6559438835897976,0.7892372846714596,0.5146347571520463
0.31547197760708295,0.78532594091752,0.9413434213666774,0.8630525189287522,0.890638348771565,0.6825881713012529,0.8705347066383753,0.6418438947938934,0.8795719588203217,0.652154297116058,0.8540445649857397,0.6656347967187104,0.7895736343491433,0.520281652831472
0.31198477817337905,0.8129761017420712,0.9416372669276907,0.858744303969776,0.8930236370261035,0.6825990630906,0.873321381300243,0.6436116181170436,0.8823314738362583,0.6508996465604265,0.8564318960615948,0.6616227893578905,0.7930152717588553,0.5183736005871235
0.3137802609534406,0.8240783959627151,0.942081052865555,0.8618404917857226,0.8909308734669614,0.6979884142389662,0.869179083896217,0.6169129955313144,0.8790857467188764,0.6455195671307914,0.8542333126290521,0.6624402649832947,0.7889965456813129,0.5122722598824325
0.30273970500079556,0.831370984806734,0.9434091368717934,0.8567754713927999,0.8976013653758746,0.6701047252521247,0.877443140789644,0.6507836179807782,0.8867745813149125,0.6506551998352412,0.8606627407803464,0.6590307655415553,0.7994960237350037,0.5170625795007628
0.3017015612003074,0.8202741750899483,0.9439694988193796,0.8586476655567393,0.8980237705938852,0.6799243162454599,0.8764049246240018,0.6392532938762623,0.8860969740285802,0.6501337242901654,0.8608661491368244,0.6607121430399061,0.7995589114169577,0.5158088329207042
0.2966660697068741,0.8290686388226116,0.9444827179410564,0.8605981714585248,0.8999727329433854,0.6802580429460195,0.8797649994714937,0.6384651618564556,0.8890395234547445,0.6511532604242402,0.8635305474831987,0.6625970627655453,0.8035523180863751,0.5167548900542042
0.2979321404735544,0.8205783209379982,0.943851043928915,0.8613124928053688,0.8989736250977018,0.6789349973311319,0.8803841115823433,0.6478187672876041,0.8889491620348461,0.6541307349381147,0.8625514867034421,0.6648948149522766,0.802846427617678,0.5213360963252318
0.2952951986843081,0.8150621293222203,0.9449020214934847,0.861403821145787,0.9006179362090666,0.6842087092946338,0.8797592934387833,0.6417764225454234,0.8894578007174961,0.6532738220686203,0.8634868916402112,0.6647138842073379,0.8037633314283926,0.5201979202752495
0.2911138703017982,0.8397985407534767,0.9457626058094537,0.8610937840798322,0.9023191119307903,0.6904517459480933,0.8817566746651236,0.6184115081379966,0.891315703071765,0.6423665449616149,0.8657470414998816,0.6605262262824008,0.8068564773273113,0.5100965512084973
0.2935080775685275,0.8368310104398167,0.94592962692033,0.8581470426391152,0.901106835523648,0.6672767573447131,0.8775666010246348,0.6531352032633388,0.8873521090109846,0.6539884341250667,0.8637837665989551,0.661895514215918,0.802705622570061,0.5191792035406894
0.2950538383491004,0.8199718375416363,0.945351842624038,0.8639866709709167,0.9006840144075564,0.6872411534241093,0.8785589642044324,0.6321032941572376,0.8887404986281893,0.6502731828272476,0.8633759199683346,0.6659653431753092,0.8031618272635475,0.5184970505898622
0.2903673161210409,0.833584791597198,0.9456566483227175,0.857697655172909,0.9021222315617462,0.674622317433686,0.8832818458774196,0.6386263264130856,0.8919042778104099,0.6470191923624097,0.8660842910853784,0.659425903323555,0.8072228006907364,0.5137345545286628
0.28355231225045757,0.8237523681977216,0.9472201048438229,0.8607924229958478,0.9057991822708898,0.6818783888884354,0.8840072624274155,0.6368402578176328,0.8941046319790741,0.6497275380739559,0.8689824977139039,0.6630427881823647,0.8113208852374731,0.5170985303754124
0.2793676265751693,0.8460256983252132,0.9480234402329174,0.8573816348524654,0.9069961422859733,0.6763926916507498,0.8859840567543436,0.6420134830790202,0.8953407221098444,0.649982895981178,0.871231868168089,0.6601922592001168,0.8143137243590248,0.5168373323902093
0.2790487868461146,0.8423951846711776,0.9482643639863427,0.8574181356850792,0.9063630568892208,0.6714178277771644,0.8861889850292632,0.6410357096684691,0.8956619747983876,0.6485349247743497,0.8708295881080983,0.6594740669824024,0.8138291315356297,0.5143142649970194
0.27939535669092813,0.831176774466739,0.9484160693723764,0.8585726425928228,0.9069582110465463,0.6694122891469092,0.8849948025239047,0.6478459666592672,0.8952930580769012,0.6506938279113349,0.8709014273290314,0.6609727641137878,0.813502270450343,0.5169199690897264
0.27971803107813226,0.8212535109590081,0.9488556989982947,0.8597142836626839,0.9072810960794563,0.6747186332988129,0.8820978811205323,0.6438028103555804,0.8937675190060886,0.6506591974928112,0.8699762063907154,0.6623743986487999,0.8117076905805674,0.5179040483027162
0.2713027359055939,0.8500043478082208,0.9498953463426277,0.8549845832235673,0.909679308756074,0.6627652562238346,0.8893397308107632,0.6425710154044637,0.8988004326820374,0.6458322915960126,0.8748884445139721,0.6558859057861117,0.8190032751924956,0.5106478795682486
0.2698666103629034,0.8575562124743181,0.9498057294247756,0.8608777663286995,0.9110506357096914,0.6794214446015436,0.8902579270192047,0.6356542649685734,0.8999606393166443,0.6487086606622838,0.8752822084213371,0.6623554266972111,0.8204414079438395,0.5155267860048779
0.2711627582060312,0.8679335222524756,0.9499872122237931,0.8592653467374689,0.9103632702756284,0.672381401870071,0.8884810771959931,0.6484383710262859,0.8987507806785071,0.6524105799274847,0.874530866408526,0.6624753398543416,0.8188697784694273,0.5196756795151433
0.26860371715764503,0.8430017495856565,0.9504655297122785,0.8587770654874689,0.9116761268519643,0.6743686939350001,0.8887935098427445,0.6397142974113675,0.8996184853030674,0.6490335232669809,0.8757247697951188,0.6608221139673226,0.8203891931629893,0.5150624818052165
0.26612752884515184,0.8546569321085425,0.951332604707177,0.8591063268044415,0.9122944423067036,0.6669115553685354,0.8887426534028195,0.646843689827673,0.8996742298798774,0.6497016062639887,0.8764144732658543,0.661559664285425,0.8210062344572437,0.5171789731226882
0.2672541050879813,0.8498156298609341,0.9508315129066581,0.8592511345358456,0.9121864909556374,0.6765609598632321,0.8888317421078682,0.635481319440188,0.8996910510668114,0.6470086358711659,0.8760252291364456,0.6607508653291967,0.8207420473223301,0.5139243862338091
0.2632323990284062,0.8740475467022728,0.9515155109006967,0.8579591495149276,0.9123371503691176,0.6682412345989552,0.8920332008778159,0.6436798138413852,0.9015507306625594,0.6485226521446534,0.8778940654957472,0.6599229237232495,0.8232928385485464,0.5146908761063755
0.25425531937560036,0.8500130904071471,0.9533516613405142,0.8589727370177999,0.9183361832775286,0.6766338463911366,0.8948726046886017,0.638078080594966,0.9058146994950166,0.6484414441323525,0.8827302552092431,0.6606852215480187,0.8303268870978213,0.5150757739727804
0.2540654429415269,0.8623287353445502,0.9536789851402169,0.8575262181899127,0.9170486533374929,0.6760892815860536,0.8934388881299034,0.6321126739597221,0.9046093814853412,0.6462638929061701,0.8819308560619603,0.6583984778108596,0.8287033695560783,0.5113289231564576
0.2576676888752784,0.8855883891091627,0.953290455376924,0.8592312388560351,0.9154993569228187,0.6765373294953915,0.8906722095475268,0.6329619847785901,0.9022755607295392,0.646483965765904,0.8797662126929012,0.6601980762275429,0.82518116729473,0.5128631950835424
0.2620692499982777,0.8645631407990175,0.9523911547304978,0.8572323374888476,0.9142931510708225,0.6736714736017508,0.8887706040891249,0.6266158102867742,0.9003533882214062,0.6418680904419435,0.8780461573667491,0.6568658989169361,0.8227433636784554,0.5078643169527983
0.2572232779504648,0.8795820763882469,0.9527446405211492,0.8556716775192934,0.9162021234853944,0.6651019159197697,0.8935870237982095,0.6497357718146626,0.9040712498462022,0.6494403851684183,0.8811577279120684,0.6581501989601426,0.8279322607637342,0.5148278812994249
0.25015998292547553,0.8463825329261667,0.9540851080595557,0.8569625405704274,0.9186470037076011,0.6676733529037686,0.8965199633098361,0.6461144662325216,0.9067877890236342,0.6495941014522139,0.8841298522233073,0.6589539451695814,0.8323051129926496,0.5141721713315586
0.2440900252158962,0.8780008642112508,0.9551577781563374,0.8575276399359983,0.9210609766974378,0.6703760081847363,0.9004968998592291,0.6288688360706575,0.9102828756197175,0.6416783191996407,0.8873771396813108,0.6567466324974222,0.8372675814290544,0.5083636396533727
0.24174179131192947,0.8762693606755313,0.9554101175336696,0.856249716352014,0.92215399021533,0.6669055033639512,0.9015291473313943,0.6416688146042254,0.9113427527360062,0.6474026836153558,0.8885754828355206,0.6578852953115368,0.8390504842373863,0.5126215461093713
0.23927158740029406,0.8772639307905646,0.9559052310772796,0.8552451046074138,0.9243262670378187,0.667741405476323,0.9018274466715642,0.6395568782155512,0.912336371283033,0.64504626492956,0.8896046667290267,0.6562128864915233,0.8408886046329541,0.5101378341427977
0.23835580581938154,0.8759344377938438,0.9562695916019269,0.8561436533927917,0.9246949762550752,0.6769085911184769,0.9013916932380022,0.6267766402075615,0.9125394309634594,0.6427376001032398,0.8899553931915938,0.6558598541065722,0.8410520698152372,0.5075402852175209
0.24520560701502792,0.8915058576008853,0.9558142761685955,0.8583567002240349,0.9206217411738723,0.6742632945670801,0.895212735480337,0.6349609335370855,0.9071266104036303,0.6460647523635998,0.8857173772334163,0.6590370664780494,0.8330872266817448,0.5119486989501371
0.24391019077443366,0.8816060564097237,0.955541980800344,0.8563337150742026,0.9221597247159303,0.6722673467250869,0.8974441247644709,0.6323801807456595,0.9089482039657991,0.6446131257039002,0.8868769036967363,0.6564354346311816,0.835861165354501,0.5081494735033416
0.24037866197081645,0.8949354492566165,0.9558931891597918,0.8558182067730847,0.9229432746990404,0.6637054894749513,0.900207338048451,0.6459577017504832,0.9109868567381332,0.647661110632779,0.8883488729818544,0.6576788423630847,0.838571086525917,0.5125254467882983
0.23230485401269216,0.8858455042628681,0.9573281985610279,0.8553965705282548,0.9263317171317428,0.6713224170893869,0.9042621830950922,0.6285171542891904,0.9147310999792013,0.642164747319732,0.8927778804035329,0.655145370762672,0.8448028864700403,0.5064351654659464
0.23916497050937433,0.8959524070515352,0.9566307352549994,0.8569767527720508,0.9224818831504281,0.6766157809179276,0.8994012261504558,0.6228143113925505,0.9103044682919089,0.641730306437239,0.8884522751418512,0.6563209755935103,0.8377322094209159,0.5061873023206478
0.235526483700569,0.886656155481058,0.9568245731182953,0.8606111126787522,0.9251786032274588,0.683946205746792,0.9015350971204131,0.6199843102997858,0.9127746406775802,0.6430475800951616,0.8906697928905487,0.6601497927949135,0.841768983362326,0.5095079747949182
0.23706343795047768,0.8700693126987008,0.9575393733693592,0.8573728834881502,0.9231958202461699,0.6780208220897133,0.8981877785565248,0.6149028379689244,0.9095914806447812,0.6374911444042536,0.8893413547037253,0.6547024562639896,0.8385151364465258,0.5022688510909896
0.2320511705839812,0.8963021785020828,0.9581844557577105,0.857606102438534,0.9248615227528473,0.6662726596353904,0.9010035126511731,0.6442116165040609,0.9121963161585936,0.6491647419684073,0.8918139987917089,0.6597678087110741,0.8419908887859601,0.5141853076364735
0.23512999162967527,0.896152122055783,0.9576352247551306,0.8541116907316095,0.9249419403165134,0.6503703701857697,0.898833974751074,0.650866475819117,0.9110084316178934,0.6452922844875824,0.8901208103147905,0.6547097175806651,0.8401149179953248,0.509760439820478
0.22332875377762673,0.90205999157008,0.9589084796051481,0.8560148512615877,0.9307251585953271,0.6695797612534508,0.9077567976357331,0.6306451816721271,0.9187450651357423,0.6425848131081747,0.8969370381378415,0.6555817608639378,0.851287177916783,0.5073062057387742
0.22421220817895077,0.9081292844870511,0.9594584792407591,0.8556621775907629,0.9294351861992879,0.6679127937566269,0.9050045174671643,0.6410594258306768,0.9164690524339676,0.6472162970560876,0.8958033849276713,0.6570772742236253,0.8483097973599363,0.5118363865459448
0.2227010438357716,0.9268902093172073,0.9596853398565036,0.8566011172883651,0.9301421359848621,0.6712321207913405,0.9055237438696534,0.6349276018274181,0.9172536801936021,0.6456434460192481,0.896191568961784,0.6576162776361931,0.8490305669716934,0.5103319660376977
0.22286484874228932,0.8959136605262756,0.9593046102950822,0.8564263143960167,0.9299605911347404,0.6727124315083903,0.9070763661345439,0.6312609040589237,0.9179636437946291,0.6442570520756656,0.8966707501616051,0.6569850350873928,0.8501566922041908,0.5091556859106812
0.21970065191054522,0.9090063317733652,0.9601674720422545,0.8555637440260719,0.9312404307411678,0.6631222089259502,0.9066728998476,0.6416426650796305,0.9183633345276562,0.6459004212006488,0.897769060764295,0.6564869351294713,0.8514986003735172,0.5102973161470693
0.22179579426214766,0.8954932128681856,0.9598842165363368,0.855421104851891,0.9298208146842558,0.6648378549212152,0.9060248385614423,0.6444377326680457,0.9174085510755653,0.6476702157490175,0.8967796171556658,0.6572835376582054,0.8496426728679173,0.5125247049830196
0.2161674224841061,0.9213113451705259,0.9604832094107101,0.8544796214384192,0.9326318039822934,0.663181243930012,0.9095214996764909,0.6328809658640667,0.9205166101455688,0.6410511924118242,0.8997866107679126,0.6533796670778161,0.8546336395527,0.5049477687845116
0.21483062427324146,0.9191406562047846,0.9608159990453008,0.8533144943854388,0.9326546265562968,0.6593030760585166,0.910033550502649,0.6413429657079499,0.9208950080088715,0.6429617457393119,0.9000620103594082,0.6533964613267659,0.855053367899425,0.5074213742182645
0.2153274388010822,0.9313336417955511,0.9609403752568942,0.8562365524909076,0.9332312903742292,0.6693305656834341,0.9089510138355085,0.6345633415450507,0.9204965324989006,0.6448562262196313,0.8998744317622327,0.656452697735992,0.8545874483994583,0.5089358947760261
0.2137730989132577,0.9152672203148112,0.9612490241207293,0.8532823306672713,0.9338980523952797,0.6556685809730826,0.9094150188698698,0.6462785796782768,0.9210441403869373,0.6448173585128697,0.9008600536122251,0.6542119500295752,0.8558157315449928,0.5091321648728541
0.21675533737375666,0.9306944924242356,0.9607141694026207,0.8554172147722805,0.9317089559426949,0.6676695368197911,0.9086239716010307,0.6319097706582397,0.9196562008626425,0.6418060116086375,0.8992693198483381,0.6547375598627909,0.8533144978000157,0.5071366738377359
0.2201324499198305,0.9212073490900152,0.960053828225207,0.8533020773354698,0.9296004365184414,0.6586423041025067,0.9077351784973002,0.6335433151792077,0.9179798202283347,0.6402670765459976,0.8973823595069238,0.6519950555897701,0.8507301076801855,0.5035678783623392
0.2125349807372289,0.9125951326945249,0.9613453594606314,0.8566394132726333,0.9333146085490042,0.6667286433306906,0.9104713372774978,0.6367201712804244,0.9213936219909298,0.6446610351147897,0.9008146276447311,0.6569037823663915,0.8561656439482276,0.5097987652920625
0.20842305031507763,0.948104754966848,0.9624763887319991,0.8557961407829734,0.9349627212357166,0.6642975022550672,0.9108570785219989,0.6400774768690634,0.9223550878353973,0.645570944309892,0.9024764284380337,0.6566191366873682,0.8578810632896068,0.510628751698224
0.21061073981725903,0.9271906062084085,0.9622598334924498,0.8557242610875297,0.9342891596146484,0.6718105029259973,0.909145886328683,0.6278687700054005,0.9210843679620259,0.6418770304744077,0.9012624066489846,0.6549688296166577,0.8558346624694654,0.5062279786900891
0.20312077657722716,0.9382383762037053,0.9629217688717059,0.8562199473381042,0.9377392781759376,0.6671712945681065,0.914895155759,0.6300790967310176,0.9259154912251145,0.6425052349017385,0.9055906910060058,0.6554776144090712,0.8633978593705306,0.5066411782138269
0.2053548869635187,0.9495832613285851,0.9625450248148903,0.8568460064775804,0.9362161421953742,0.6694254087530734,0.9143493584732512,0.629522607785047,0.9248122864249927,0.643124013166765,0.9046981503714376,0.6565160912509515,0.8617073815705171,0.5074329812504241
0.20439566121394956,0.9350469471777186,0.9624507106951813,0.8533195800641004,0.9367698419894745,0.6611949948265272,0.9151665837462268,0.6396656776230563,0.9255512496873514,0.6434258076581446,0.9051617315011238,0.6534862827632905,0.8627446026944402,0.5075059441767413
0.19949047745608572,0.933945399873397,0.9633096438735279,0.8536722519818474,0.9387531171538936,0.6605768064173925,0.9171106008006565,0.6320146123659524,0.9275104772688737,0.6397535520167473,0.90749192237854,0.6523389349116341,0.866264209151268,0.5037369863130152
0.19922954400083911,0.9513812994255739,0.9637675783527431,0.8560405058019301,0.9382236584353802,0.6673897680662134,0.9164273520903801,0.6352330638807925,0.9268879903786218,0.6448302131200976,0.9075620983963582,0.6561938175548088,0.8655687866371069,0.5089614342569428
0.20360902563404681,0.9268895010737812,0.9633385103140304,0.8518661050235524,0.9355630896874328,0.6523519885342788,0.9135502454505038,0.6443947931368124,0.9240854836221951,0.6426002596614554,0.905207749734174,0.65191885805004,0.8615651486524895,0.5064545794910587
0.20194456428845428,0.947948743315304,0.9633207463506442,0.8557099735035616,0.9378312892878233,0.6731958143303499,0.9145032890252213,0.6223382968181634,0.9256765724562886,0.6392687937683043,0.9059280112608156,0.6541785607525312,0.8633240503606512,0.5035839144085699
0.20140251606257994,0.9598825459971148,0.9639028008304426,0.8556601580451516,0.9375689138672245,0.665907867704792,0.9128492576862449,0.6330115528886809,0.9246185593195816,0.6425006078446612,0.9054662186040807,0.6551545755663777,0.8619566802213441,0.5069697574328851
0.1949137783706633,0.9530535725986257,0.9642893378414324,0.8537513140369865,0.9399181164022702,0.6685873114586096,0.9190992512809697,0.6275090894059223,0.929135046788116,0.639972488176735,0.909431327968391,0.652628317632822,0.868859479898837,0.5037852651576566
0.19311218230581995,0.9583892953746459,0.9647851630822936,0.8533776227165671,0.9403931015907828,0.6563814149429912,0.9192659790391353,0.644398851402323,0.9293639782204557,0.6444419460535488,0.9100663586338954,0.6541830858366344,0.8695093522320932,0.5080588399569559
0.19105577340988972,0.9514954475795522,0.9650715785240059,0.8506920758415671,0.9413019887991806,0.6597471955670592,0.9208954823995704,0.6316234440104488,0.9307425426903055,0.6386653677669957,0.9112872621461526,0.6492770312983981,0.8715947065780412,0.5015494075932485
0.18931068733000933,0.9438972841290867,0.9650983952764255,0.8518082113826976,0.9425498907690617,0.6461180320886128,0.9216560207640947,0.6543565441525596,0.9317631943901973,0.644625178154777,0.9120507013441911,0.6527301508022527,0.8732448573877563,0.5088352045961929
0.1908975438729151,0.9707781996797112,0.9654198262228895,0.8546454485724954,0.9423477923247352,0.6641869022209635,0.9183232899922044,0.6315340701052371,0.9297417064211262,0.6412103601923103,0.9110849571984205,0.6538326465695932,0.8704903059041322,0.5052916638566839
0.19100539903364963,0.967691059498226,0.9655234208747522,0.8545200123506433,0.9403466459975314,0.6610650503460098,0.918665551427585,0.6380200551767998,0.9290518582756839,0.6428366870181087,0.9105095130516522,0.6543672054814285,0.8693126887083054,0.5073624316000325
0.19764904616706408,0.9428668644498376,0.9646185689897679,0.8576084971427917,0.9382384937645784,0.6668329084127703,0.9142253210962709,0.6371223325841129,0.9255538395981291,0.6459065755171811,0.9071954762312904,0.6582341864499647,0.8639800750942372,0.5113111970644882
0.1965005332743054,0.9663731499629862,0.9642172571438462,0.8526110193308662,0.938782957952414,0.6538560657953734,0.9169248260224043,0.6361038371482316,0.9274349101443788,0.6399884280091261,0.9078866638131996,0.6516100563218489,0.8662648939374668,0.5037236363791368
0.18797577292060674,0.9716169825371574,0.9656342463706856,0.8548792670754826,0.94230201729198,0.6635866325403399,0.9216043508764523,0.6354189416229287,0.9315825158090734,0.6432157310876337,0.912415167177791,0.6547002684503027,0.8731151899295067,0.5073407681467121
0.18761203604847637,0.9613101648933747,0.9662970073187529,0.8520018633674172,0.9415815844019847,0.6582426758044783,0.9191638487043665,0.6292541948256686,0.9299094672523328,0.6374646009439054,0.9118627590029987,0.6501017856575987,0.8710037009484732,0.5008114101913046
0.18521768608088815,0.9736359732992509,0.9664404570166745,0.8544080397661995,0.9420352193401821,0.6626376366270158,0.9219157982673218,0.6283558856367188,0.9315671427036399,0.6393052257926148,0.9134684803325739,0.6530997585573727,0.8737437740635516,0.5037006637328031
0.184790003294153,0.9780966578161016,0.9667651617704932,0.852516325081096,0.9433607866070164,0.6611773005741484,0.9206104390879175,0.6316112688578227,0.9313974353804517,0.6397731835570406,0.9135011057577916,0.6515092229032341,0.8736074551272748,0.5034127676969066
0.18519263447665457,0.9524473320035374,0.9664979336866691,0.8530571881462546,0.9420178944050376,0.6596207386156654,0.921578816513517,0.6309907004127607,0.9314564395306716,0.6398119533379727,0.913009632768026,0.6520019672701464,0.8731420927528125,0.5030082962749636
0.1866619743462374,0.9641693322097554,0.9663067433371473,0.8540397356538212,0.941681240476779,0.6599535667063559,0.9202389123279657,0.637421872220276,0.9305001108059242,0.6431267596507335,0.9123217569135907,0.6543197662035442,0.8718716306472892,0.5075095610501354
0.1872622349313391,0.9623053547214059,0.9662320435936771,0.8533002068014706,0.9418272280426168,0.6621632405063685,0.9193393963931212,0.6253098183831967,0.9300633706708452,0.6367250982781544,0.9117058040713196,0.6510780569207033,0.8711888892437095,0.501088874620002
0.1845624111036756,1.0092850870945875,0.9666966680270522,0.8507685941808364,0.9428991517469064,0.6497960316893809,0.9207569205049259,0.6447698665673242,0.9312335744277754,0.6410424369935166,0.9135459141611163,0.6504524414194748,0.8737763699088523,0.5047864060273722
0.18146817700297974,0.9829156530254027,0.9673430314704553,0.8531271990607766,0.9437631937994886,0.6571108729523771,0.9222215349549678,0.6305364723974729,0.9325184726448201,0.6382093128803021,0.9147766734014696,0.6514127631226609,0.8754591663826757,0.5021476184278179
0.1840016978250733,0.977282406652675,0.9670019576798624,0.8532209221054526,0.94295248344763,0.6549548299380523,0.9196931872127662,0.6354888522833148,0.9306267301982908,0.6401217279079205,0.9131690677422196,0.6522737707949572,0.8727811950801024,0.5040507153128547
0.1815101886029119,1.0071403086185455,0.9673248120208284,0.8503132988424862,0.9434855064349388,0.6523682964993093,0.9221774346348065,0.6349668269703055,0.9324608514113213,0.6379482125699082,0.9143993004934111,0.6489164501305341,0.8748823159666204,0.5010916688616442
0.17750356510392765,0.9936658853993696,0.9674396514892578,0.8526162540211397,0.9456642325689544,0.6564394725924906,0.9256532674849923,0.6301538992454024,0.935328025648843,0.6377932870048372,0.9168385698724149,0.6507537000031922,0.8795687918787571,0.5016221918905264
